{
    "MPI1": 467.54610538482666,
    "MPI4": 545.2473242282867,
    "MPI8": 702.3961582183838,
    "CUDA": 5.829504489898682,
    "Multiprocessing": 37.95432233810425
}