{
    "MPI1": 1123.0646,
    "MPI4": 1075.836,
    "MPI8": 1388.06176,
    "CUDA": 10.1777760,
    "Multiprocessing": 60.248620
}