{
    "MPI1": 283.08882427215576,
    "MPI4": 325.76791167259216,
    "MPI8": 425.01230907440186,
    "CUDA": 3.222484827041626,
    "Multiprocessing": 19.87656259536743
}